product_hook,hook,product_story,story,product_cta,cta
all,pov: you broke up with your bf but at least you can make money watching netflix all day üíî,all,until i realized i could make more than him just watching shows at home...,all,go to netjob.pro literally only 3 spots lefttttt
all,pov: single and broke so you applied to watch netflix for money üò≠,all,how i went from begging for money to making more than him.,all,netjob.pro apply rn before they close spots omg...
all,pov: your ex left but netflix is paying you now so who really won üíÖ,all,until i found out i could get paid just watching tv at home,all,go to netjob.pro like 5 spots left hurry!!
all,pov: breakup left you broke until you found out netflix pays people,all,how i make more money on my couch than he does at work...,all,netjob.pro apply nowwww spots filling up fast.
all,pov: he broke your heart but at least netflix is paying your bills üí∏,all,until i realized netflix would literally pay me to watch shows.,all,go to netjob.pro only a few spots left don't miss out...
all,pov: you're newly single and making money watching netflix in your apartment,all,how i went from broke girlfriend to making bank at home,all,netjob.pro submit before spots gone girllll
all,pov: broke up and now you get paid to watch netflix while he works ü§∑‚Äç‚ôÄÔ∏è,all,he's at his job while i make more money just watching tv...,all,go to netjob.pro like 4 spots left apply asap.
all,pov: single girl discovers she can make money watching netflix all day,all,until i found out they pay people to literally just watch netflix.,all,netjob.pro only a handful of spots lefttttt...
all,pov: your ex moved out so now you watch netflix for money in peace ‚ú®,all,how i went from asking for rent money to making it myself,all,go to netjob.pro hurry spots closing soon omg
all,pov: heartbroken and broke until you found out netflix hires people üò≥,all,until i realized i could make more money than him just at home...,all,netjob.pro literally 6 spots left go nowwww.
all,pov: you're single now and making $150 a day watching netflix,all,how i make more daily than he makes in two days at work.,all,go to netjob.pro only few spots open apply quick...
all,pov: he's gone but at least netflix pays you to watch shows üì∫,all,until i found this now i'm making more than when we were together,all,netjob.pro spots almost gone submit rn!!
all,pov: broke up last month and now you make money watching netflix,all,how i went from crying over him to getting paid watching tv...,all,go to netjob.pro like 3 spots left don't wait.
all,pov: single broke and desperate so you applied to watch netflix for money üíî,all,until i realized i could actually get paid just for watching shows.,all,netjob.pro only a couple spots lefttttt hurry...
all,pov: your ex is working 9-5 while you get paid watching netflix at home,all,he's grinding 40 hours while i make more just watching netflix...,all,go to netjob.pro spots closing today apply nowwww
all,pov: heartbreak led you to a job watching netflix all day ü•∫,all,how crying on my couch turned into making more money than him,all,netjob.pro literally handful of spots left go girl.
all,pov: broke up broke and found out you can make money watching shows,all,until i found out they literally pay you to watch tv at home.,all,go to netjob.pro only 5 spots open rn hurry!!...
all,pov: single girl making more money watching netflix than her ex at work üí∞,all,he works full time and i still make more just watching shows,all,netjob.pro spots almost full apply asap bestie
all,pov: you're newly single and netflix is paying you to watch from bed,all,how i went from broke and sad to making bank in my pajamas...,all,go to netjob.pro like 4 spots left submit now...
all,pov: your ex left so now you watch netflix for money all day alone,all,until i realized i could make more money than him just at home.,all,netjob.pro only few spots lefttttt don't miss this!!